month_year,availability_pct
2023-01,0.59628063
2023-02,0.6207322
2023-03,0.65208066
2023-04,0.6497
